<?xml version="1.0" encoding="UTF-8" standalone="yes"?>
<addon id="repository.HDTV" name="WoldWide HD TV Services" version="1.3" provider-name="HDTV">
        <extension point="xbmc.addon.repository" name="WoldWide HD TV Services">
            <dir>
                <info compressed="false">https://raw.github.com/compyy/HDTVSERVICES/master/addons.xml</info>
                <checksum>https://raw.github.com/compyy/HDTVSERVICES/master/addons.xml.md5</checksum>
                <datadir zip="true">https://github.com/compyy/HDTVSERVICES/tree/master/zips</datadir>
            </dir>

            <info compressed="false">https://raw.github.com/compyy/HDTVSERVICES/master/addons.xml</info>
            <checksum>https://raw.github.com/compyy/HDTVSERVICES/master/addons.xml.md5</checksum>
            <datadir zip="true">https://github.com/compyy/HDTVSERVICES/tree/master/zips</datadir>

        </extension>
        <extension point="xbmc.addon.metadata">
            <summary>WoldWide HD TV Services</summary>
            <description>WoldWide HD TV Services</description>
            <platform>all</platform>
        </extension>
</addon>
